,Title,Post Text,ID,Score,Total Comments,Post URL
0,Selling to any NPC (@The_Eggroller),,ujndj0,7907,262,https://i.redd.it/i6dpchwmwux81.png
1,A Long Fall (@The_Eggroller),,utwb8z,6750,260,https://i.redd.it/383sv16xwm091.png
2,"So, where are we going?",,uyvjn2,6650,372,https://i.redd.it/6fx3lpsc00291.jpg
3,Guy In Real Life (@The_Eggroller),,uqw6di,6570,877,https://i.redd.it/4lowni30cuz81.png
4,The Fitting Room (@The_Eggroller),,uyxs66,6496,216,https://i.redd.it/c2pjsviho0291.png
5,How it feels to wake up in the FFXIV community in the past two days.,,uniklf,6449,872,https://i.redd.it/plyors06kwy81.png
6,Phial of Fantasia (@The_Eggroller),,uvzvwp,6114,332,https://i.redd.it/c1owb5e168191.png
7,Pov: you're the little sun arriving at the Naadam.,,ukt2ie,5994,165,https://i.redd.it/ylba88wy66y81.png
8,Crystalline Conflict portrait screen be like,,v19wu1,5850,152,https://i.redd.it/of2hb4c9ho291.png
9,Official art from the Korean release of Endwalker,,umzsrv,5803,357,https://www.reddit.com/gallery/umzsrv
10,"I play FFXIV, but not FF14. Screw that game",,upns02,5704,580,https://i.redd.it/308bn2gymhz81.png
11,Zenos and WoL,,uq6so8,5594,177,https://i.redd.it/ebwb3zkbcnz81.jpg
12,When you're a sprout in 2022 ðŸŒ±ðŸ˜­ [Art by me],,uvow1n,5443,233,https://i.redd.it/r0hi7z8bm4191.jpg
13,Sometimes I like to angry emote at Culinarians,,uuznf4,5288,107,https://i.redd.it/4vc3jhjv8x091.jpg
14,Commission of my Viera Bard using one of my favourite abilities by @shukei_CO,,v1mtrb,5283,96,https://i.redd.it/hw5wh8dacs291.jpg
15,"This is so sad, Alexa play the FFXIV OST ""Relics""",,v38h9d,5266,384,https://i.redd.it/y6eee10pi7391.jpg
16,My FC has a themed screenshot competition every month. This monthâ€™s theme was â€œLet it Rain.â€ I won with this image.,,v2r9j6,5138,144,https://i.imgur.com/JAk8Ucw.jpg
17,Everyday playing as a Rez Mage,,ujcaon,5055,392,https://i.redd.it/bkkxepn8drx81.png
18,Sharing a photo of my Venat cosplay! I wasn't ready to cry this morning with the official Flow MV...,,usp9gb,4918,232,https://i.redd.it/75ej3vgddb091.png
19,Thank you for your visit,,v2h3rx,4903,76,https://i.imgur.com/A5lClCL.jpg
20,When you try to describe some Dungeons to people l,,urgpi9,4841,322,https://i.redd.it/9lkndwvljzz81.png
21,"Square Enix's clearly started to take actions against Mods in the game, and Yoshida too made his statement...","Since this subreddit operates under the FFXIV User Agreement (see ***Rule #2***) I think the sub needs to set an example and ***start removing Mods too***, just to make sure that we don't get banned.  

&#x200B;

To show SE support, I think we need to uninstall the following mods:  
\- u/OlivinePeridot

\- u/Angelicel 

\- u/KupoBot

\- u/AutoModerator

This suggestion was made by me in mind for the betterment of this sub one hundred percent and not at all because I don't want to get banned for using racial slurs against the lalafell.  


^(mandatory /s)",unalvg,4813,303,https://www.reddit.com/r/ffxiv/comments/unalvg/square_enixs_clearly_started_to_take_actions/
22,Guy just wants his Nhaama,,um13j5,4677,372,https://i.redd.it/sfqn3gmdkiy81.png
23,Had a burst of inspiration at this street sign,,ukp5fo,4568,97,https://i.redd.it/j9r8kjxv15y81.jpg
24,The infinite queue timer (@The_Eggroller),,uosl3c,4516,238,https://i.redd.it/nxdcdjr339z81.png
25,99% (@The_Eggroller),,v3yuc9,4887,170,https://i.redd.it/t3l9xeewle391.png
26,Y'shtola [art by Mihira],,uo1oeb,4403,38,https://i.imgur.com/1dUKfNY.jpg
27,It is Wednesday my Goobs.,,uxbx90,4380,30,https://i.redd.it/zeots1sjpk191.png
28,"If you ever feel like your life doesn't have a purpose, just remember that Chocobokeeps in FFXIV exist",,uzqpgp,4275,485,https://i.redd.it/fqo6qu6ts8291.png
29,Dancer [art by kumaekake],,utvxsy,4212,71,https://i.imgur.com/fLzdnJ1.jpg
30,There is no lalafell of the pool,,umkznx,4127,146,https://i.redd.it/px62hya60oy81.png
31,With apologies to Douglas Adams...,,utf8qt,4013,104,https://i.redd.it/vln8mr6shi091.png
32,just sharing this almost perfectly looped gif of tataru juggling :3,,uruyoj,4001,70,https://i.redd.it/mnvfdya2e3091.gif
33,Life as a viera WoL (a doodle),,uugxrj,3993,101,https://i.redd.it/mmkt4nwcrr091.png
34,Praying everyday,,uwkxp9,3928,667,https://i.redd.it/46nbqtlohd191.jpg
35,More /tea memes,,ums8mq,3907,143,https://i.redd.it/npv0db4wmpy81.png
36,You cannot hide your secrets from Emet-selch (@eunnieverse on twitter),,unrsie,3898,132,https://i.redd.it/hs9l9fuetyy81.png
37,JP players are running into an unexpected guest in Crystaline Conflict today...,,ukcbyh,3730,317,https://i.redd.it/o14w4aonr1y81.jpg
38,"When Alphinaud tried to swim in the Ruby Sea in Stormblood, I always pictured it going like this.",,uj01x1,3664,86,https://www.reddit.com/gallery/uj01x1
39,I made a gif of my Y'shtola lookalike character swapping to and from a Yor Forger cosplay (Spy x Family),,uy6ei5,3652,57,https://i.redd.it/gxa3tfcows191.gif
40,An interesting title,,uw93xt,3619,90,https://i.redd.it/1lqkyygq8a191.jpg
41,"Regarding Third-party Tools | FINAL FANTASY XIV, The Lodestone",,ulptud,3596,2893,https://eu.finalfantasyxiv.com/lodestone/topics/detail/68f4c4d3bdea34f732ee8db3425122b8b8d6ec3b
42,Everyone check under your chairs... (Materia),,uowu11,3554,66,https://i.redd.it/7pnc0rns2az81.png
43,Yoshi-P about the 6.11 patch notes.,,uws9sa,3484,305,https://i.redd.it/p3p9olw5qf191.jpg
44,Happy Mothers Day ^^,,ukxvg5,3412,135,https://i.redd.it/hu9v520nx7y81.gif
45,I can't wait for the FFXIV x FFXVI collab event,,v47ikl,6212,205,https://i.redd.it/weavpfq1og391.jpg
46,My Rings :(,,ux7fr6,3366,51,https://i.redd.it/cf28i74oaj191.png
47,[FFXIV Housing] Amaurotine Suite - Amaurot Inspired Home with Art Deco & Modern Elements.,,uio827,3352,164,https://www.reddit.com/gallery/uio827
48,"I am always making fun of Estinien for having no ðŸ‘â€¦ My friend on discord said I should draw him with a juicy one, so I drew this at 2amâ€¦",,v0kil3,3188,93,https://i.redd.it/vg0e7h1fdh291.jpg
49,Did you dig? (Art by me),,ujmwck,3182,54,https://i.redd.it/ekdc7i2msux81.jpg
50,The crown really brings it together,,ut84jj,3127,211,https://i.redd.it/iiyi1xjlsg091.png
51,You return from a duty and this happens (@The_Eggroller),,ulrv1g,3109,76,https://i.redd.it/n1p30jjrhgy81.png
52,Lost the Mansion but im kind of not mad.,,v1tfun,3084,365,https://i.redd.it/21fp76mn2u291.png
53,A shocking realization that kept me awake at night,,v2aprv,3014,220,https://i.redd.it/x6lx9gi3iy291.jpg
54,And yet I'll probably still end up buying it..,,umec6r,2977,421,https://i.imgur.com/GUIxx2b.jpg
55,A quickly made flow chart to help out the community in these trying times.,,umod90,2974,669,https://i.redd.it/l0yx1wkfroy81.jpg
56,I decided to transcribe all of the voiced Dragonspeak in The Aery just to see if it was actually coherent dialogue,"**Heavensward spoilers!**


With DSU going on, a lot of people have been cracking jokes about how one of Nidhogg's voice lines sounds like ""I am named Kyle."" Out of curiosity, I decided to see if I could translate it, and it turns out you can! Using [these](https://forum.square-enix.com/ffxiv/threads/265527) [two](https://forum.square-enix.com/ffxiv/threads/265400) forum posts by the person responsible for creating the language, you can translate the line to *""Ahm in lhein fhail"",* or ""Thy final verse is sung.""


Now, according to one of said posts, all voice acted Dragonspeak (Nidhogg, Tiamat and Hraesvelgr's dialogue) begins in Japanese, is translated to English, translated to dragon, and then read out loud by the language's creator so the voice actors know what to say. But surely, I thought, there's no way it's ALL real words? Right? They wouldn't go through all that effort when nobody would be able to tell the difference anyway, would they?


So I decided to use the Aery as a test to see if everything Nidhogg says is coherent, and it turns out that yes, they *would* in fact go through all that effort lmao. All of it lines up with the established rules and definitions perfectly, though the English lines in-game occasionally differ from the line in Dragonspeak. Below, I've listed every line Nidhogg says throughout the dungeon, when he says it, and the English dialogue given + a more literal translation *if* I feel it doesn't quite match for whatever reason. Without further ado:


**The Aery opening cutscene, shortly after Estinien flashes Nidhogg with the eye:**


>*""Errn eil! Sekh a nesh seh anoh ahs an!""*

(Wicked mortals! I shall melt thy flesh and see thy bones ash!)


**Final boss, upon casting The Scarlet Price:**


>*""Shah na!""*

(The given line is ""Tremble before my fury!"", however the word *na* is used to emphasize a phrase as a command, while *shah* means to tremble or shake. So a more literal translation would simply be ""Tremble!"")


**Final boss, halfway through casting Massacre:**


>*""N sjahs an!""*

(The given line is simply ""Vengeance!"", however *N* means *be* while *An* implies ownership by Nidhogg. In other words, ""Be mine, vengeance!"" or ""Vengeance is mine!"")


**Upon casting Massacre:**


>*""Soohs an ghar in!""* 

(The provided line is ""My rage will consume you!"".  However, the closest word to consume in dragonspeak is *eehs,* while the line clearly has an *""oo""* sound. I'm not 100% confident in this one, but I believe the more literal translation would be something to the effect of ""I shall wield my rage against you"". As *oohs* means to use or wield something, while the added *s* at the beginning implies will or shall.)


**Post-boss cutscene, Nidhogg attempts to divebomb the WoL but is interrupted by Estinien flashing him a second time, crash landing.**


>*""Soohs an hessnesh ool an eiln in!? Nehk Nell y ahim!""*

(Thou wouldst use mine own eye against me? Time hath done naught to dilute thy kind's depravity!)
(Note: *Nell* specifically refers to the Elezen).


>*""No doh in y drahorh an. Seeth in an esh...seeth khei!""*

(I have not forgotten thee, dragoon! Mine essence claimed thee once...and shall do so again!)
(Second sentence is more literally: ""You held my spirit once...now hold it again!"" *Held* could be interchangeable with something like *housed,* in this case.)


I've always found fictional languages in video games very interesting, especially if the words mean actual things instead of just being gibberish that's meant to sound alien. Studying these lines was a lot of fun, though a tad bit annoying at times because Nidhogg's reverb can cause certain sounds to blend together. If people are as interested in the subject as I am, I could probably do this again with the rest of his dialogue and/or Hraesvelgr + Tiamat.",uzc60n,2945,136,https://www.reddit.com/r/ffxiv/comments/uzc60n/i_decided_to_transcribe_all_of_the_voiced/
57,Scions [art by HJZ_artemi],,uw0o09,2948,70,https://i.imgur.com/qf8jQ8E.jpg
58,"I checked the Party finder and found a guy asking for people to join him, to sit around, listen to in game audio and watch the water. It sounded nice, so I went to check it out.",,uuxygm,2902,94,https://www.reddit.com/gallery/uuxygm
59,Michael Thordan,,ux9jlu,2885,52,https://i.redd.it/4acznnfuwj191.png
60,In love with how silly Sabotenders look when they walk ðŸ¥º,,uv31i8,2888,97,https://i.redd.it/cjqf23fgay091.gif
61,Was gifted an artpiece of my White Mage viera!,,uy0rp6,2836,23,https://i.redd.it/lydd1auxer191.jpg
62,Behold Despair Incarnate!,,uqv9iv,2832,91,https://i.redd.it/vcm5bspe4uz81.jpg
63,I commissioned my wife's BLM in a Sailor Moon style for her birthday! Art by Kshatriya!,,ur063v,2817,48,https://i.redd.it/kez77d5b9vz81.jpg
64,Found the greatest mystery grab bag at a local candy store.,,uwyuf6,2773,57,https://imgur.com/Y68CI4v.jpg
65,[Spoiler 6.0] I found three very special friends in The Final Day.,,ukx448,2765,89,https://i.redd.it/z127ijdim7y81.jpg
66,"the kindest, most gentle of beasts [Spoiler 6.0]",,uxqki1,2744,190,https://i.redd.it/sdjzqbu2oo191.png
67,This mod argument sounds familiar...,,umm6aw,2721,1101,https://i.redd.it/ak0lb1ip8oy81.png
68,Using reprisal on the boss as an Off Tank,,uy0quu,2685,295,https://i.redd.it/08hsejkier191.png
69,"My boyfriend graduating from NYU decided to emote ""Most Gentlemanly""",,us2m57,2621,71,https://i.redd.it/7cukfuh9a5091.jpg
70,Average late night 8man party pool,,uofzyk,2617,380,https://i.redd.it/88n2jvy875z81.jpg
71,"A GM could just sit in the Airship Landing in Ul'dah and snipe these bots, I've seen atleast 10 already",,upec8p,2594,391,https://v.redd.it/a8bxg3dc3fz81
72,90â€™s Anime Style Ryne and Gaia! [PixieInktvis],,v3bmsp,2586,72,https://i.redd.it/dbpbnqee98391.jpg
73,"Ouch, Thancred (Spoilers: Shadowbringers)",,usgq4g,2562,124,https://i.imgur.com/NXZ3Lg0.png
74,I already miss my sprout icon,,uog3ue,2522,146,https://i.redd.it/23hwyf2e85z81.jpg
75,Drew my DRK,,v04ki4,2509,45,https://i.redd.it/eo996wfelc291.png
76,Some Ishgardian nobles are surely having some trouble adjusting to all the Au Ra moving into the Firmamentâ€¦,,ulh5py,2472,159,https://i.redd.it/3ujjwfvo2dy81.jpg
77,Y'shtola [art by llen_chabbie],,uyyw7s,2474,71,https://i.imgur.com/I1XL84G.jpg
78,Why does every ARR character have white or very light blonde hair?,,uobwos,2457,488,https://i.redd.it/mv08f4ih54z81.png
79,Ever meet someone you understand instantly?,,uyiuvk,2459,33,https://i.redd.it/syml68ct8w191.png
80,"Endsinger Illustration, featuring my fc! :D",,uq21ea,2453,62,https://v.redd.it/m277kt0rtlz81
81,"Well, I GUESS this ONCE...",,ulsl0x,2441,100,https://i.redd.it/2qw70t5ungy81.png
82,He really went,,ux5p5t,2430,147,https://i.redd.it/tqhoxe2pti191.png
83,I drew Haurchefant !,,v0w0q3,2432,56,https://i.redd.it/72zqqtn8wk291.jpg
84,WoLs in FF Tactics style by @marchbell_,,us7np3,2430,92,https://i.redd.it/9ss8oayfw6091.jpg
85,This is Dadcred. (@Jaded_Jade on Twitter),,urylpc,2408,247,https://i.redd.it/u857e2h184091.jpg
86,Fire IV is 7 years old and still one of the most satisfying spell in the whole game,,uvx2ew,2389,289,https://i.redd.it/935gghl0c7191.gif
87,My soul cried seeing this from the official Flow MV,,usbuih,2374,270,https://i.redd.it/zvcx62z3b8091.jpg
88,"Is this a mog facing forward, or a mog bent over facing away from you?",,uqpj8r,2355,231,https://i.redd.it/r997o9qk9sz81.png
89,Big brain party finder description.,,uxylbf,2351,98,https://i.redd.it/61klqjl0qq191.jpg
90,"My mom been making these paper geisha, and I decided to ask her to make me one of my favorite stormblood character Yotsuyu. I think she did a great job with what materials she had~ I love my mom!",,uof34j,2336,48,https://www.reddit.com/gallery/uof34j
91,When people see your glowy healer weapon and think you know what you're doing,,uq6ix6,2322,152,https://i.redd.it/fv3dqcns9nz81.png
92,FFXIV MSQ & Side Quest Tracker | 6.1 Update | Download in comments!,,v08m2w,2315,112,https://www.reddit.com/gallery/v08m2w
93,"Dun Scaith. Red, Blue, Red, Blue, Re- (@The_Eggroller)",,v0zu6z,2294,171,https://i.redd.it/ri4hyvmv3m291.png
94,Tonight in Ul'Dah a bunch of DRKs lined up for the anniversary of Kentaro Miura's passing. RIP 2021.,,uk6y1v,2280,110,https://i.redd.it/ymhmyuejvzx81.png
95,Whenever someone says gg or tyfp after I heal and raise them a bunch,,uzr4sc,2284,232,https://i.redd.it/wsbayjmlw8291.png
96,I think they're taking the results well,,v2tk2b,2259,199,https://i.redd.it/ltts48wa73391.jpg
97,I cosplayed my character again! I really love the casual sets they have so far in game ðŸ˜­,,v1qtzc,2258,85,https://i.redd.it/6wlpqu4hht291.jpg
98,I can't figure out why I never catch any fish :(,,urzawe,2241,59,https://i.redd.it/t8a163dae4091.gif
99,[Spoilers: 3.0] I was a dead weight in this Aery roul because I couldn't stop laughing,,uvuiar,2238,85,https://i.redd.it/j6g8h2cnc6191.png
